{"accuracy": 0.9979899913445465, "roc": 0.9940779089738399, "f1": 0.7067471777369387, "precision": 0.8088942307692307, "recall": 0.6275058275058275}