{"accuracy": 0.9969624936343727, "roc": 0.8605924499617122, "f1": 0.5996204933586338, "precision": 0.6103331723804926, "recall": 0.5892773892773893}